selftext,score,num_comments,positive,negative,neutral,compound,simplified_sentiment
"I'm 6'10', I am looking for an ebike with a lot of storage (side bags, front basket, maybe even front side bags) and a swapable rear basket/seat. The one that I am looking at getting is the [Pedego Cargo](https://pedegoelectricbikes.com/product/cargo), but I want to see what other bikes are out there before buying this one. Any suggestions? ",1,6,0.026,0.0,0.974,0.1154,1.0
"This  thread is for anyone selling ebike products or services. Our posting  guidelines do not apply here; sellers can directly link to product  pages, provide updates and coupon codes, advertise ebay auctions and  crowdfunding campaigns and do other promotional activities without  worrying that it could be seen as spam.

Front page posts are still acceptable for sellers to post actual news, articles, reviews, blog posts, videos and pictures. But if it is clearly marketing then it probably belongs here. Regular readers can of course create new threads to ask about anything posted in here. 

Note for [/r/ebikes](https://www.reddit.com/r/ebikes)  readers: Posts here do not constitute endorsement by anyone, use your best judgement and ask around to find out what is right for you.",8,16,0.114,0.031,0.855,0.8995,1.0
"There are LOTS of these ebikes in China and they are ridiculously cheap. They have all got high quality components with many running Bosch motors. Due to high competition they all work WELL and are superb. I tried one myself and they are so smooth and has incredible range.
Specs: Motor claimed 48v 400w(blatant lie)
Thats all I could figure out. These ebikes are supposed to be limited to 25km/h but many unlimit them. My cousins was unlimited and would do 60km/h. At 25km/h he could easily achieve 80km of range.
To top all of this off most of these bikes cost the rough equivalent $1000AUD - an absolute steal.",108,88,0.081,0.062,0.857,0.3218,1.0
"After a nasty fall In the rain , I fell and the bike slid leading to some damage 

The cable that the throttle connects to broke one of its prongs , is this replaceable and what is it called ?

Hoverfly ourea ebike ",5,5,0.0,0.194,0.806,-0.8625,-1.0
Hi sorry if this is a weird post but I've been looking for a ebike conversion kit for my bike but alot of the stuff I've seen listed I just didn't understand too well so I thought I'd ask here if anyone knew any good links on Amazon or anything  I need it under 20mph due to a lack of a license (Florida),1,2,0.084,0.109,0.808,0.059,1.0
"It‚Äôs my first e-bike, however I would like more speed. I had a friend who had an ebike whose went around 30mph whereas mine goes 20mph. Is there anyway I could upgrade? Google doesn‚Äôt seem to help much.",0,10,0.194,0.0,0.806,0.8126,1.0
"I live in the US and understand the laws of my state for ebikes.  Some things about me, im over 300lbs, 5foot 5"" tall, and looking for step-thru cruiser where i sit fully upright, my hands in front of me, low to the ground.  I dont have great knees or back and trying to keep moving on a bike.  

The max motor power for where i live is 750w.  I understand my weight limits my range and top supported speed based on that max motor size, but looking at larger batteries for the bike is a nice option to add range.

I am not sure on total range, but lets look at 20ish miles, but I might want more later on.

I was looking at some of the bikes on sixthreezero, but im not sure what a good brand is yet.  I don't plan going very fast but i would like to commute to work and back, which is about 13 miles round trip.  I don't know if I can charge it at work yet.   I was looking at their Simple Step-Thru 20"" 500W E BikeSimple Step-Thru 20"" 500W E Bike as an example style.  I like the smaller tires, but I'm open to other options.

There are a fair number of hills, I am not going up or down extremely large hills.  We do have a lot of rain here, so something that is rated for rain and water is a huge plus.  Splash guards are a huge plus as well. 

  
I am not ready to talk budget, it will be roughly 2k, so I think i have some good options.  Any information or suggestions that are just the technologies to look for would be great as well.

  
Thanks",1,6,0.145,0.034,0.821,0.9884,1.0
"While I was doing some gardening (ugh) yesterday, I liked at my Dewalt electric lawnmower and it's 2 x 18v/9ah batteries which push out NFI Ah @ 54v,

Wondering if using power tool batteries in some manner of harness to power an ebike would be a viable approach? 

Given that you can get knock off Dewalt compatible battery packs cheap off ebay... 

Or is this a stupid idea? ",1,2,0.038,0.088,0.874,-0.5803,-1.0
"Under [SB 1271](https://leginfo.legislature.ca.gov/faces/billAnalysisClient.xhtml?bill_id=202320240SB1271), nearly all Class 3 ebikes (specifically, all those with a throttle) are re-classified from electric bicycles to motorized bicycles. Has anyone tried to comply yet?

From my understanding, the biggest changes are:

* Some jurisdictions may have rules that change where you can ride
* You must register your bike with the DMV

In order to register with the DMV, you need to:

* Obtain a motorcycle license
* Apply for a VIN
* Complete a one-time registration (not annual)
* Attach the plate they provide

Even though I don't expect heavy enforcement (this is primarily targeted at sellers), I would like to be compliant when in California. However, from what I can tell online, the DMV isn't really set up to provide VINs to vehicles without turn signals, brake lights, etc. It seems like a lot of people put the bike serial number in there and the paperwork tends to get approved.

I'll also reach out to Lectric, as they are probably dealing with this quite a bit!



Aside...

The intent of the law is to prevent parents from accidentally buying a convertible class 2 bike for their under 16 child who then switches it to class 3 and rides illegally. However, it's really going to mess up the market in the short term as most class 3 bikes are class 3 optional, and this creates two separate markets.

While I don't really agree with the changes here, a nice side benefit is that I typically *want* a class 3 with no throttle. Primary reason? Without a throttle, ebikes are covered under most home/property insurance without additional charge (even if it's stolen away from home). Exactly what I want!",3,17,0.077,0.043,0.881,0.7437,1.0
"Looking to buy a mountain ebike for my daily commute in downtown San Francisco and going on trails. Ideally want something with a 500w motor and 48v battery with decent capacity for 10-20 miles, and probably some kinda purchase protection or warranty for 2 years. Budget is under 1000$, but ideally around 600 or less. I'm really considering one of the cheap temu ones though those won't have any purchase protections and I've heard are harder to maintain so a bit risky but rly cheap for their specs. Any recommendations appreciated! ",1,0,0.115,0.026,0.859,0.8358,1.0
"I'm not saying I wasn't frozen to death but it was worth it. Would do it again, 10/10.

I recently bought my first gravel bike so I can't sit ony ass.

By far this is the best sub here, thanks for having me.

[-1 Celsius, Budapest, Hungary, Napl√°s-t√≥.]",545,14,0.29,0.028,0.682,0.9524,1.0
"I bought an Otso Warakin Steel gravel bike last year and have been making periodic part swaps and adjustments. It rides great and I didn't need a new year's resolution to keep using it.

I'm particularly proud of reuse of an MTB post from logn ago and some old Reynolds cages. 

The flared bar is my first and it's great, as are the Hope pedals.
",16,1,0.191,0.02,0.79,0.9324,1.0
"Hi everyone‚Ä¶ looking to upgrade for my second ever gravel bike - I have seen a good deal for a second hand Whyte Gisburn which has only been ridden 4 times. (¬£600) 

Is this worth it, are the specs good? Any advice is greatly received ‚ó°Ãà",14,0,0.207,0.028,0.765,0.8633,1.0
"As the title suggests, I‚Äôm looking to purchase my first gravel bike. I‚Äôve been riding a mountain bike that‚Äôs a 10-year-old model gifted to me. Last summer, I really got into biking and completed about 30-40 rides. I absolutely loved it!

This year, I want to take my cycling journey a bit more seriously, focusing on performance and improving my fitness. I love being in nature and therefore a classical racing bike is not an option for me. 

Here‚Äôs what‚Äôs important to me:

1. **Comfortable riding position**: I‚Äôm a bit worried about adapting to the forward position of a gravel bike. So, one of my top priorities is finding a bike with a more upright riding position compared to typical gravel bikes.
2. **Shock absorption**: While most of my trails are straightforward, some sections include technical parts with smaller rocks and roots. Good shock absorption seems to be quite important for me. 
3. **Budget**: I‚Äôm looking to spend a maximum of ‚Ç¨1500. From what I‚Äôve seen, there are great used bikes on platforms like Buycycle that fit my budget.

I asked ChatGPT for recommendations, and it suggested the following:

* **Impulso Allroad GRX 600 (2021)**
* **Giant Revolt 0**

It suggested way more but I found great sellers for those two within my budget. 

What do you think about these models? Are they good choices for my needs?

Thanks in advance for your advice!",1,2,0.148,0.04,0.811,0.9801,1.0
"Anyone here riding a gravel bike with flat bars? If so, show me what you got! ",2,2,0.0,0.107,0.893,-0.2003,-1.0
"I'm in the market for a new (custom) gravel bike. These two framesets are my final candidates but I'm having a hard time deciding. Both meet my criteria:

* sporty yet beingable to go bikepacking with
* fast-ish
* 50mm of tire clearance
* expensive (lol not really)
* UDH compatible
* available as framesets for a custom build
* available from a local retailer which does proper bike sizing and fitting so I can build a bike that fits me perfectly

  
There are some pros and cons for either frame:

I can get the 3T a bit cheaper than the ENVE. It has a bigger tire clearance; it's made in Italy and has a nice and innovative carbon layup process.

The ENVE looks better to me though (only talking about the shape, I don't like the colors that much) and it has downtube storage which I really like on much current bike.



Which one would you get and why? Maybe someone of you has experience riding both and can tell me which one they prefer and why?",1,3,0.125,0.028,0.847,0.9733,1.0
"Hi,  I am considering buiying my first gravel bike.  I don't find what I am really looking for so I considere making modification to a new bike.   Let's say the perfect bike for me would be a Specialized diverge STR expert.  I can only by the Diverge STR comp.  Someone can help find out  which exact compnonont I should by to complete de conversion which is moslty passing from mecanical GXR to elctronic (GRX DI2 ou SRAM Eagle AXS).  I suspect staying with GRX would be cheaper as the cassette and Crank can be uses as is but if I don't know if there SRAM Eagle would be better.  SRAM Ealge seems more popular...

Thanks",1,1,0.129,0.022,0.848,0.9393,1.0
"I searched and it doesn‚Äôt seem like this has come up much, but sorry if i missed it. I have a racey gravel bike (44 Huntsman) with Hunt 4 season alloy wheels that have been bombproof for about four years. Im considering updating them and going with Hunt carbons, but curious if people have found/think this to be a worthwhile gain, or with the weight of steel i should just ride alloy into the ground and on the cheap.

Said bike pictured here on Martha‚Äôs Vineyard for visibility!",14,1,0.127,0.06,0.813,0.8268,1.0
Anybody have recommendations for a first gravel bike that doesn‚Äôt break the bank ?,0,13,0.0,0.103,0.897,-0.128,-1.0
"Hi! I wanted to get some opinions:

I have a road bike turned gravel bike which gives me problems at my wrists on bumpy terrain. I cannot run super wide tyres because there is only clearance up to about 35mm. The frame is quite heavy and stiff, as it's made of alloy and contains a Fazua e-bike drive.

I got a Shockstop stem and it's pretty cool, but I'm not sure if it's enough to protect my joints. I'm running the elastomer configuration slighty below the recommendation for my weight. It flexes quite a bit, but I could go even lower for very bumpy terrain. Should I? There's basically no info on that on their website unfortunately. Could this make a significant difference?

Or should I get a suspension fork? I think the downside is that it would raise the handlebars significantly, but you can probably adjust for that using a different stem. I can get a dedicated gravel fork with 40mm travel (Fox 32 Float TC Performance Elite) at a good price. 40mm is not a lot of travel tbh, would that make a significant difference compared to the Shockstop? I'm guessing yes because it damps the whole frame and not just the handlebars?

If I go for the fork, can I put the Shockstop on my other road bike? Or is it a good idea to combine both? I'm guessing the Shockstop adds no value, once you're using a suspension fork, but maybe I'm wrong.

Looking forward to your replies! Thank you.",1,27,0.108,0.093,0.798,0.8087,1.0
"Hello everyone.


I'm new to the forum üòÖ, I have a problem with my Tern Link C7 2015, after 10 years giving everything, the folding system of the frame ""ocl joint"" has broken and does not close the frame properly, which makes the bike 100% unusable. I have tried to buy it new but I can't find it in stock because it is old.

I would be grateful for any help.

Sorry if I have skipped any rules or similar forera.




Thanks in advance.

Translated with DeepL.com (free version)",1,0,0.179,0.05,0.771,0.9428,1.0
60's/70's Peugeot Folding Bike ,9,1,0.0,0.0,1.0,0.0,0.0
"Hi! I‚Äôm considering buying my first folding bike, and have found a Dahon Mariner D8 and a Dahon speed uno on fb marketplace. I‚Äôd love to know anyone‚Äôs experiences of either one. ",5,6,0.107,0.133,0.761,-0.2558,-1.0
"Hi! I have a (somewhat modified) Vello Rocky, and after a few muddy and splashy rides lately, I've realized I need a bit of fender protection. I previously tried Vello's own fenders, but despite their high price point, they were really flimsy and had constant clearance problems that required readjustment.

Rear wheel is sorted as I have a nice clip on fender for the back that weighs nothing and gives me good coverage. But I'm getting a lot of backsplash from my front wheel, leading to messy legs and a water bottle on the downtube I'd rather not drink out of.

Found two options, and wondering if anybody has experience with either:

* This ""[speed mullet](https://ass-savers.com/collections/front-fenders-mudguards/products/speed-mullet-regular)"" from Ass Savers looks like it would cover where I need, but their products always seem kind of cheap and flimsy? Anybody tested?
* [I found a front mudguard for the new Brompton G Line](https://www.sjscycles.co.uk/mudguards/brompton-g-line-front-mudguard/?geoc=SE) that looks like it would do the trick. Any reason I couldn't mount this on a non-brompton bike? I believe the front wheel of the Vello has a similar folding mechanism, but I could be mistaken.

Any tips welcome! Thank you!

Edit: some pics for reference

https://preview.redd.it/id7ma76a5z9e1.jpg?width=4032&amp;format=pjpg&amp;auto=webp&amp;s=5d170abeed81176babfe034ea704b76dcf94ce95

https://preview.redd.it/q6a6hdy75z9e1.jpg?width=4032&amp;format=pjpg&amp;auto=webp&amp;s=a9f1295733b307a7119a5ad7601c70d72635f1a4

",8,16,0.102,0.071,0.827,0.8416,1.0
"I bought this one new at the REI in Mountain View, CA... I was sold on the Shimano Nexus 7spd hub, and it was my daily rider for the next 6 years I lived in California.. Today it's my downtown daily rider to work in Wichita, KS.. Where folding bikes tend to get a lot more attention... I have other bikes, but this decade old little beast has seen the most milage ",15,2,0.0,0.0,1.0,0.0,0.0
"Hello.

I've decided between these two bikes. 
Originally I was going to go for the [Basis Hybrid](https://www.e-bikesdirect.co.uk/brands/basis/basis-hybrid-full-size-folding-electric-bike-700c-wheel-96ah-battery-black-red/?_gl=1*i70be4*_up*MQ..&amp;gclid=Cj0KCQiA9667BhDoARIsANnamQb5daXIG4Zb4S2kz9UK92RZE3x3lsiAf28MSz2nDrpnfVeo-WTm0Q4aAgghEALw_wcB) once I've returned to the UK. It's ¬£800 right now, and I was thinking ""Fine. Give me that one. It's affordable, and good for what I need.""
But reservation, as I cannot find anybody reviewing this specific bike. Another redditor said it's been a solid daily commuter. A friend of mine used a Basis Osprey from ebikedirect and has been good, however he only uses it once a week. And he had some slight frustration with ebikesdirect

Then Santa Claus gave me a good amount of money and so I started to do more research and came across the [Montague ME1](https://www.montaguebicycles.co.uk/products/montague-m-e1-full-size-electric-folding-bike-with-shimano-steps-e6100-mid-drive-motor?variant=42089263825045). And it's a beauty. Bunch of reviews (Wired gave 9/10, and there's a few YouTube videos with the bike in practice and it looks solid quality)
However, in the UK, it's nearly ¬£4,000. I can afford this, but it would be 100% of my Santa Funds.

Both bikes offer a 30 day return, but they're online retailers so I can't really do a test drive without traveling a ridiculous amount to their warehouse.

To get ahead of it. I'm looking for full size, folder, ebike. I'm 6'4"", 100kg and live up a very steep hill and commute 20-30 miles a day. I'm not comfortable locking up my bike outside nor in Central London. I've had a used Brompton but they're just uncomfy and not great for hills tbh. The electric versions don't vibe with me. 
I'm folding for storage at home and work. Never plan to use public transport unless emergencies, and I live on the ground floor. Previous bike I maybe carried once in the 6 months. ",5,11,0.087,0.037,0.875,0.9283,1.0
"Heyyy r/foldingbikes , I need to change the stock tires on my folding bike‚Äîa Tern C8. I‚Äôm getting flats constantly.

The stock tires are 50-406‚Äôs, I‚Äôm seeing a lot of 20 inch tires at 47-406. Will 47-406‚Äôs fit?",9,10,0.063,0.0,0.937,0.3612,1.0
"Hi all, I plan to buy a trifold foldable bike from Alibaba or aliexpress.

I need a trifold bike as I live in a tiny home, and it's perfect. Also, I can use all the accessories from my Brompton bike.

I've been looking for a dual-fold bike like the Tern etc, but it's still too big and takes up too much space. I plan to use this bike as a winter bike and my Brompton in the summer.

So, as a winter bike, I need disc brakes and studded tires and the bike I would prefer to be aluminum as the salt of the road will eat the chromoly steel, but I am open to cleaning the frame to slow the rust. I have been looking around and see that the Mint folding bike 20inch 9 speed from Alibaba is perfect but the only problem is that the tire is 20x1.35 and I need to change the tire to a studded tire Marathon Winter PlusMarathon Winter Plus 20x1.60.

Does anyone know if it will fit 20x1.60?

Bike link: [https://www.alibaba.com/product-detail/Fashion-MINT-Folding-Bicycle-20inch-9speed\_1601181061992.html?spm=a2700.details.you\_may\_like.1.466171265BzajC](https://www.alibaba.com/product-detail/Fashion-MINT-Folding-Bicycle-20inch-9speed_1601181061992.html?spm=a2700.details.you_may_like.1.466171265BzajC)

Tire link: [https://www.schwalbetires.com/Marathon-Winter-Plus-11116448.02](https://www.schwalbetires.com/Marathon-Winter-Plus-11116448.02)",14,18,0.067,0.018,0.915,0.8552,1.0
"Thinking about buying a [ZiZZO Campo 20 inch Folding Bike](https://www.amazon.com/gp/product/B09468N8XS/ref=ox_sc_saved_image_8?smid=ATVPDKIKX0DER&amp;psc=1) because I have a 2-door car and I need something convenient without installing a bike rack.

Can anyone vouch for this bike? Is it good? Worth the money?",8,22,0.138,0.0,0.862,0.6966,1.0
"Hi, I finally got a response on a used folding bike! Yhe owner says this is a Dahon Roo, with 20"" wheels, and that it's in riding condition. The owner is asking $100 for it ‚Äî does this seem like a decent bike and a good deal? 

I've been looking for a good 6-months or more now, and I really wanted to find a decent folding bike for multimodal commuting and carrying (bike theft is a huge problem in my area, and I'll have to carry this upstairs.) 

Any advice would be greatly appreciated, thank you! ",15,5,0.161,0.025,0.815,0.9307,1.0
"Any hardtail related questions, hardtail chat, hardtail tech, or anything else hardtail that that you want to chat about, that doesn‚Äôt quite warrant a new thread? This is the thread for you...",3,6,0.04,0.0,0.96,0.0772,1.0
"Wishing you and yours a happy, healthy 2025 filled with plenty of hardtail miles and smiles! 

Bike: 2019 Giant Fathom 1
Location: McDowell Mountain Regional Park ",59,4,0.347,0.0,0.653,0.8932,1.0
"Yoww sup, I‚Äôve been seeing a lot of MTBers specifically hardtail riders having only 1 gear in front. I have 3 front gears in my current setup and aside from the weight advantage of having only 1 gear in front, what else are the 1 front gear‚Äôs advantages? I‚Äôm planning on ditching the front derailleur and switching to 1 front gear at this time so I need help as a noob MTBer.",7,5,0.097,0.016,0.887,0.7402,1.0
"I'm looking for a good bike to ride mostly pavement, with some light trail use - sort of a hybrid, I suppose. There are so many nice, late-model MTBs for sale, used, that I was thinking of starting with one of those, then tweak the bike to be better suited to mostly pavement riding.

I want a front shock, fat enough tires to soften the road surface irregularities, but smooth enough to roll nicely on pavement. I think there are some good road tires that are a bit fat, like from Rene Herse, and a MTB can accommodate fatter tires.

I can mod the stem/bars for a more upright riding position. I don't need a road racer, just a more comfortable-riding smooth pavement/city bike that I can occasionally take on easy-going/mild dirt trails.

With a swap to more upright bars and different tires, would a recent model hardtail MTB make a suitable base model for this objective?

What are your thoughts?",3,21,0.105,0.028,0.867,0.91,1.0
"Hi hardtail gang! I‚Äôm a bigger dude, 6‚Äô3 280 lbs. I‚Äôm on my second Giant Fathom and love MTB. However, I‚Äôve always had trouble with skipping gears‚Äîeven on flat straightaways, if I‚Äôm on my highest gear pedaling hard, I start skipping. It‚Äôs impossible for me to carry speed into a hill because I have to downshift no matter what. 

I‚Äôve seen the oval chainrings advertised a lot on FB and Instagram, but I can‚Äôt tell if it‚Äôs legit or just an Instagram Product that is poorly made. 

Does anyone have experience? Or, does anyone have a good solution for less skipping? I‚Äôve kind of just accepted it because I‚Äôm a large guy, but i feel like my speed is capped because of it. ",6,36,0.118,0.03,0.852,0.9308,1.0
"I am in the market for a sweet hardtail (i'm searching a used kona unit but here in europe those seems quite rare or overpriced) when today i stumbled on this KM for 1000$. Seller says it's from 2021 (dunno if it can be told from the pics), so pretty recent. Is it worth it or nah? Cheers!

https://preview.redd.it/bzzqesbehr8e1.jpg?width=1333&amp;format=pjpg&amp;auto=webp&amp;s=8229494eaf8797f88121665b20789a08020794c4

https://preview.redd.it/tc3jotbehr8e1.jpg?width=810&amp;format=pjpg&amp;auto=webp&amp;s=52c44f7d9741c8fa7ff7b31a38bf3e2fc88b32b8

https://preview.redd.it/22tvctbehr8e1.jpg?width=810&amp;format=pjpg&amp;auto=webp&amp;s=f76cbd4ae98c8e0415ad4780aa6d5ce3b76925f4

https://preview.redd.it/w0tehubehr8e1.jpg?width=1333&amp;format=pjpg&amp;auto=webp&amp;s=0f6ce95f608128f8dfd9e07a0da3b0c73cd3f8b7

edit: missing pictures :P",3,4,0.231,0.053,0.716,0.9487,1.0
"
I‚Äôve finally built my dream hardtail with the help of a fellow Reddit user. Specs below 


XX1 Eagle AXS
XG-1299 Eagle Cassette
Sram XX SL Eagle 
Thomson Elite X4 Stem
Whiskey carbon bars 
Ergon SM-Pro saddle 
Fox Transfer Factory Series Seatpost
Shimano XT M8100
Velocity Blunt 35s 29er 32 hole laced to Onyx Classic Boost hubs six bolt.

",245,43,0.119,0.0,0.881,0.7506,1.0
"https://preview.redd.it/bj1kol27mw7e1.jpg?width=5275&amp;format=pjpg&amp;auto=webp&amp;s=6728dfc1e920568c34a99c810e84b1807af98be3

Brought this last winter, rode it once, and then took it apart to upgrade.  Finally  mostly finished and rideable.

Was loads of fun today on some twisty up and down XC trails.  Lightweight hardtails are fun!",4,0,0.165,0.0,0.835,0.784,1.0
"First hardtail in 3 years of riding and and never owning a proper HT

Will be posting my thoughts of this beauty once I have some more experience on it!!!",117,29,0.156,0.0,0.844,0.7488,1.0
"Hi hardtail friends.¬† I‚Äôm looking for a hard tail titanium frame for bikepacking mostly gravel road but capable of limited single track.¬† I‚Äôm not finding one that hits all my preferences.¬† Maybe it doesn‚Äôt exist.¬† Or maybe you know of a frame that does!¬† Here‚Äôs my preferences:

* Many bosses ‚Äì the standards (seat tube, top and bottom of down tube) but also top of the top tube
* Internal cable routing
* Compatible with 29in x 2.6in tires
* Large triangle for frame bag (large for hard tails)
* Test ride of the Salsa Timberjack, aluminum, size Large fits fairly well and is guiding my geometry targets (stack: 614 mm, reach 475 mm)

[https://www.salsacycles.com/bikes/2017\_timberjack\_ti\_frame](https://www.salsacycles.com/bikes/2017_timberjack_ti_frame)",7,20,0.128,0.051,0.822,0.8671,1.0
"hello to my fav community, 

i‚Äôm pretty new to cycling and have been chasing the best model out there within my range to ride in Delhi, India.

a little about me: i‚Äôm 6‚Äô1 &amp; i am looking for a hybrid/road geared bicycle in the range of 25-35k INR to start with.

i want to know what tyre size should i look for, along with how many gears are enough &amp; the material used in the built of the bicycle.

also, can anyone please recommend the best silent magnetic bicycle stands that i could use to cycle indoors? i have heard about the wahoo kickr core but it‚Äôs way above my budget atm. i am willing to invest another 10-15k INR on it.

i am really looking to start cycling latest by this sunday so if anyone could suggest the best bicycle stores in Delhi as well, that would be really appreciated.

best,
",0,0,0.186,0.0,0.814,0.9839,1.0
"Look for an easy transition from flat bar hybrid. Should I go for a race or endurance?
Any recommendations for long comfortable (relatively) 2 hr rides 
Tia ",1,20,0.284,0.0,0.716,0.8591,1.0
"I know this might be a long shot and probably something that never been posted here before . I'm looking at buying a storage unit with this bike inside. Could anyone tell me the make an model. I've tried google and I believe its a Felt. The only identifying features I can see are IA2 SL on the frame , Shimano on the crank arm, EOS on the tires and maybe Hybrid on the rear brakes. 

https://preview.redd.it/c6qpsw41du9e1.png?width=1152&amp;format=png&amp;auto=webp&amp;s=01edad5014cca5a7d8972a032c43d483cafbe30c

",1,2,0.0,0.0,1.0,0.0,0.0
"Hello all! If this is the wrong place to ask or there is a megathread I didn‚Äôt see, please let me know!

Anyway, I‚Äôm a 38 year-old woman who is 5‚Äô tall, very heavy, and looking to get into bicycling. I haven‚Äôt ridden a bike in about 20 years, and have only basic knowledge. I would like bicycle brand or specific mode recommendations, if possible please!

Another woman I spoke to with my same general build (a little taller) said a hybrid 24‚Äù woman‚Äôs/step-through would be good, and to have a local bike shop tune it, replace the seat to square, and teach me about gears because I have no stinking clue how to do it yet.

I plan on using it mainly for exercise/fun, not as main transportation. The area I live in is primarily flat and suburban to semi-urban, but there are places to ride along (not on!) the beach or on hillier trails, too.

Intended budget is around $300-$400. A little above is ok.

I checked Marketplace but don‚Äôt really have a lot of faith in the listings.

Thank you so, so much for any help, recommendations, and tips!",1,11,0.1,0.01,0.89,0.9477,1.0
"Me and my Fiancee are looking for a two bike hitch based rack for the back of our Subaru Forrester. We have an after market 2"" hitch installed and we want something that is reliable but doesn't stick out super far as our parking situation at our townhouse (parallel street parking) is very compact.

We both ride cheap (sub $700) hybrid bikes and mostly do inner city and very simple nature trails (not mountain bike territory).

Ideally we would want something that still allows us to access our rear hatch door as we use it frequently.

Are there an easy to use/remove hitch-based bike racks for two that are both compact and reliable?

",1,4,0.083,0.034,0.883,0.6035,1.0
"This is my father's late 80's Nishiki Colorado. It was originally a mountain bike but he reconfigured it to be a hybrid. This is the first vehicle of my father's that I took for an unauthorized joy ride. It still hangs in his garage today. He will be 79 in March. 

",12,0,0.094,0.0,0.906,0.7351,1.0
"Hello everyone I‚Äôm very new into cycling and am on the fence on buying a mercier kilo tt, or some type of fitness-hybrid road bike. I‚Äôve researched the learning curve that comes with fixed gears but it seems like a fun challenge I‚Äôd be willing to try. I also like the idea of customization and low maintenance parts/fixing.

I believe the main deciding factor will be what I intend on using the bike for. I loving working out and have been consistently for 2 years. I enjoy cardio and want to incorporate cycling for cardiovascular health, muscle endurance (mainly for legs) and for overall fun. Probably would only ride for 30-60 after a workout or early in the morning. No hills in my area. Should I invest in a road/fitness bike? Or can I still reach the same goals with the fun of a fixed gear bike? Any advice is welcomed thanks.",0,16,0.222,0.03,0.749,0.9886,1.0
"I've always preferred hybrid/flatbar bikes, and I've been riding Trek Dual Sport 4 bikes for eight years.  Though I've had my eye on the FX Sport lineup for a couple of years now.  I decided to just go for it and purchased the full-carbon FX6, which also has the SRAM APEX AXS electronic shifting groupset.  I also added the SRAM crank power meter to the bike.  I'm now waiting for some decent weather here in central Indiana, which may be a while!",27,2,0.0,0.0,1.0,0.0,0.0
"Hey everyone I've been cycling for a long time for transportation and recently moved to the UK from Spain. I've never had to buy mudguards or think of them specially riding in the city. I haven't brought over my bikes yet but got a cheap GT Transeo (hybrid with front suspension and disc breaks), and need to get mudguards. I'm getting soaked every time I travel. I don't mind spending a bit more but obviously not an insane amount. I was looking for the best amount of coverage as my shoes, shins, calves and butt are getting drenched. Does anyone have advice on what's worth it and what isn't? Thank you all! :)",1,4,0.148,0.021,0.831,0.9546,1.0
